{
  "w_hori": 5.006229,
  "w_vert": 1.330141,
  "w_hypo": 5.228431,
  "w_hori_lower": 4.359745,
  "w_hori_upper": 1.376298,
  "w_bound_left": 4.911263,
  "w_bound_left_except": 4.308877,
  "w_bound_right": 4.911263,
  "w_bound_right_except": 1.373828
}